,train_acc,cats_train_acc,dogs_train_acc,test_acc,cats_test_acc,dogs_test_acc
0,95.89156880345085,96.5690201109141,95.10276442939261,95.375,96.5,94.25
